City_ID,City,Country,Date,Lat,Lng,Max Temp,Humidity,Cloudiness,Wind Speed
0,Dunedin,NZ,2020-05-06 09:33:30,-45.87,170.5,51.01,78,15,1.99
1,Torbay,CA,2020-05-06 09:36:26,47.67,-52.73,36.0,91,90,11.41
2,Punta Arenas,CL,2020-05-06 09:36:26,-53.15,-70.92,35.6,93,100,3.36
3,Khatanga,RU,2020-05-06 09:36:27,71.97,102.5,11.91,90,100,15.95
4,Souillac,MU,2020-05-06 09:36:27,-20.52,57.52,82.4,69,40,11.41
5,Hailar,CN,2020-05-06 09:35:28,49.2,119.7,66.54,25,100,11.16
6,Quilali,NI,2020-05-06 09:36:27,13.57,-86.03,74.5,79,96,2.42
7,Jamestown,US,2020-05-06 09:36:27,42.1,-79.24,39.2,38,90,8.05
8,Buraydah,SA,2020-05-06 09:36:28,26.33,43.98,84.2,35,24,9.17
9,Namatanai,PG,2020-05-06 09:36:28,-3.67,152.43,80.71,73,88,3.38
10,Saint George,US,2020-05-06 09:36:28,37.1,-113.58,59.0,30,1,5.82
11,Rikitea,PF,2020-05-06 09:36:28,-23.12,-134.97,73.76,63,79,12.1
12,Turkistan,KZ,2020-05-06 09:36:28,43.0,68.0,81.48,31,17,11.95
13,Nalut,LY,2020-05-06 09:36:29,30.33,10.85,91.54,11,0,4.23
14,Nikolskoye,RU,2020-05-06 09:36:29,59.7,30.79,62.01,31,47,8.95
15,Tecalitlan,MX,2020-05-06 09:36:29,19.47,-103.3,67.14,74,93,2.35
16,Touros,BR,2020-05-06 09:36:29,-5.2,-35.46,75.2,100,75,4.7
17,Tuktoyaktuk,CA,2020-05-06 09:36:29,69.45,-133.04,26.83,99,95,7.7
18,Shahr-E Kord,IR,2020-05-06 09:36:30,32.33,50.86,62.6,48,75,16.11
19,Cape Town,ZA,2020-05-06 09:36:30,-33.93,18.42,78.01,56,0,10.29
20,Bambous Virieux,MU,2020-05-06 09:36:30,-20.34,57.76,82.4,69,40,11.41
21,Kodiak,US,2020-05-06 09:34:00,57.79,-152.41,44.6,81,90,23.04
22,Mataura,NZ,2020-05-06 09:36:30,-46.19,168.86,47.59,80,100,4.34
23,Margate,GB,2020-05-06 09:32:29,51.38,1.39,55.99,78,0,5.99
24,Coihaique,CL,2020-05-06 09:36:30,-45.58,-72.07,42.8,87,20,5.82
25,Albina,SR,2020-05-06 09:36:31,5.5,-54.05,75.76,92,100,3.2
26,Port Elizabeth,ZA,2020-05-06 09:36:31,-33.92,25.57,66.2,93,90,11.41
27,Isangel,VU,2020-05-06 09:36:31,-19.55,169.27,70.48,86,100,12.88
28,Bluff,NZ,2020-05-06 09:36:31,-46.6,168.33,53.11,78,100,21.25
29,Hobart,AU,2020-05-06 09:36:31,-42.88,147.33,59.0,67,100,11.41
30,Tosno,RU,2020-05-06 09:36:31,59.54,30.88,62.01,31,58,8.95
31,Ushuaia,AR,2020-05-06 09:36:31,-54.8,-68.3,35.6,64,40,4.7
32,Chuy,UY,2020-05-06 09:36:32,-33.7,-53.46,55.71,71,85,13.02
33,Tevriz,RU,2020-05-06 09:36:32,57.51,72.4,73.89,30,0,13.69
34,Bacolod,PH,2020-05-06 09:36:32,10.67,122.95,84.99,77,77,3.49
35,Cherskiy,RU,2020-05-06 09:36:32,68.75,161.3,28.0,95,100,4.0
36,Mount Isa,AU,2020-05-06 09:36:32,-20.73,139.5,75.2,29,15,5.82
37,Avarua,CK,2020-05-06 09:33:47,-21.21,-159.78,73.4,94,29,1.12
38,Arraial Do Cabo,BR,2020-05-06 09:36:33,-22.97,-42.03,69.8,94,40,4.07
39,Qaanaaq,GL,2020-05-06 09:36:33,77.48,-69.36,11.93,90,100,6.73
40,Hualmay,PE,2020-05-06 09:36:33,-11.1,-77.61,67.1,82,100,4.16
41,Meulaboh,ID,2020-05-06 09:36:33,4.14,96.13,83.17,75,85,4.7
42,Surt,LY,2020-05-06 09:36:33,31.21,16.59,81.61,30,0,2.26
43,Hithadhoo,MV,2020-05-06 09:34:26,-0.6,73.08,85.17,73,18,11.56
44,Mabaruma,GY,2020-05-06 09:36:34,8.2,-59.78,76.3,88,93,5.44
45,Berlevag,NO,2020-05-06 09:36:34,70.86,29.09,41.0,65,75,11.41
46,Baculin,PH,2020-05-06 09:36:34,7.45,126.58,81.66,76,83,1.99
47,Mahebourg,MU,2020-05-06 09:36:34,-20.41,57.7,82.4,69,40,11.41
48,New Norfolk,AU,2020-05-06 09:36:34,-42.78,147.06,59.0,73,100,3.49
49,Esperance,AU,2020-05-06 09:36:35,-33.87,121.9,57.2,41,40,28.86
50,Atuona,PF,2020-05-06 09:36:35,-9.8,-139.03,80.55,77,12,17.18
51,Riyadh,SA,2020-05-06 09:36:14,24.69,46.72,98.6,20,20,9.17
52,East London,ZA,2020-05-06 09:36:35,-33.02,27.91,71.6,56,19,16.11
53,Busselton,AU,2020-05-06 09:36:35,-33.65,115.33,54.0,49,68,16.98
54,Batagay-Alyta,RU,2020-05-06 09:36:35,67.8,130.41,29.37,96,100,2.13
55,Vaini,TO,2020-05-06 09:36:36,-21.2,-175.2,77.0,94,75,5.82
56,Butaritari,KI,2020-05-06 09:36:36,3.07,172.79,83.01,80,19,10.29
57,Port Blair,IN,2020-05-06 09:36:36,11.67,92.75,87.21,68,84,9.69
58,Port-Cartier,CA,2020-05-06 09:36:36,50.03,-66.87,48.2,61,75,5.82
59,Georgetown,MY,2020-05-06 09:34:11,5.41,100.34,89.6,70,20,11.41
60,Guarapari,BR,2020-05-06 09:36:36,-20.67,-40.5,71.6,83,20,3.36
61,Kapaa,US,2020-05-06 09:36:36,22.08,-159.32,73.4,88,90,12.75
62,Imbituba,BR,2020-05-06 09:36:37,-28.24,-48.67,66.2,82,100,6.93
63,Rio Gallegos,AR,2020-05-06 09:36:37,-51.62,-69.22,30.2,100,100,4.7
64,Atotonilquillo,MX,2020-05-06 09:36:37,20.4,-103.13,66.0,77,40,4.7
65,Shirpur,IN,2020-05-06 09:35:33,21.35,74.88,110.48,9,14,8.59
66,Bethel,US,2020-05-06 09:33:54,41.37,-73.41,42.01,74,1,6.51
67,Victoria,HK,2020-05-06 09:32:48,22.29,114.16,86.0,76,53,7.0
68,Waiouru,NZ,2020-05-06 09:36:38,-39.48,175.67,33.42,91,0,2.68
69,Lincoln,US,2020-05-06 09:36:38,40.8,-96.67,45.0,75,20,3.36
70,Ardabil,IR,2020-05-06 09:36:13,38.25,48.29,66.2,52,90,11.41
71,Barrow,US,2020-05-06 09:33:58,71.29,-156.79,10.4,92,90,11.41
72,Pokrovka,KG,2020-05-06 09:36:38,42.34,78.01,57.52,38,89,6.33
73,Bredasdorp,ZA,2020-05-06 09:34:05,-34.53,20.04,69.8,30,20,13.87
74,Bandar,ID,2020-05-06 09:36:39,2.05,99.75,85.37,79,87,1.5
75,Port Lincoln,AU,2020-05-06 09:36:39,-34.73,135.87,67.78,32,52,16.82
76,Kununurra,AU,2020-05-06 09:36:39,-15.77,128.73,82.4,32,12,3.36
77,Guerrero Negro,MX,2020-05-06 09:36:39,27.98,-114.06,65.93,70,0,5.91
78,Thompson,CA,2020-05-06 09:36:40,55.74,-97.86,19.4,79,5,4.7
79,Norman Wells,CA,2020-05-06 09:36:40,65.28,-126.83,32.0,89,20,2.24
80,Saskylakh,RU,2020-05-06 09:36:40,71.92,114.08,7.29,93,73,7.05
81,Hami,CN,2020-05-06 09:36:40,42.8,93.45,66.7,30,99,9.37
82,Innisfail,AU,2020-05-06 09:36:40,-17.53,146.03,70.63,84,39,10.2
83,Julio De Castilhos,BR,2020-05-06 09:36:40,-29.23,-53.68,43.14,99,9,10.6
84,Lebu,CL,2020-05-06 09:36:41,-37.62,-73.65,52.59,69,5,16.84
85,Hilo,US,2020-05-06 09:32:36,19.73,-155.09,71.6,73,90,6.93
86,Inhambane,MZ,2020-05-06 09:36:41,-23.86,35.38,80.6,61,20,4.7
87,Deputatskiy,RU,2020-05-06 09:36:41,69.3,139.9,19.98,97,55,2.53
88,Albany,US,2020-05-06 09:35:02,42.6,-73.97,36.0,65,39,2.1
89,Namli,IN,2020-05-06 09:36:41,23.43,75.05,105.87,8,32,11.5
90,Greenfield,US,2020-05-06 09:36:42,42.96,-88.01,42.01,44,75,8.05
91,Mayumba,GA,2020-05-06 09:36:42,-3.43,10.66,78.98,88,93,4.38
92,Itaobim,BR,2020-05-06 09:36:42,-16.57,-41.83,66.18,89,47,1.3
93,Necochea,AR,2020-05-06 09:36:42,-38.55,-58.74,55.0,70,99,15.01
94,Hermanus,ZA,2020-05-06 09:36:42,-34.42,19.23,73.99,56,1,10.07
95,Wamba,NG,2020-05-06 09:36:43,8.93,8.6,95.67,38,1,3.98
96,Fairbanks,US,2020-05-06 09:36:43,64.84,-147.72,46.0,69,1,0.83
97,Tasiilaq,GL,2020-05-06 09:36:43,65.61,-37.64,33.8,50,99,24.16
98,Pandan,PH,2020-05-06 09:36:43,14.05,124.17,84.0,80,16,7.43
99,Puerto Ayora,EC,2020-05-06 09:36:43,-0.74,-90.35,73.99,94,49,5.03
100,Zhovtneve,UA,2020-05-06 09:36:44,50.66,24.25,39.54,98,100,7.38
101,Columbia,US,2020-05-06 09:36:44,34.0,-81.03,68.0,82,1,8.05
102,Tezu,IN,2020-05-06 09:36:44,27.92,96.17,90.95,39,12,3.09
103,Chitipa,MW,2020-05-06 09:36:44,-9.7,33.27,72.54,66,82,9.4
104,Okmulgee,US,2020-05-06 09:36:44,35.62,-95.96,51.8,81,1,6.71
105,Vardo,NO,2020-05-06 09:36:44,70.37,31.11,41.0,65,75,4.7
106,Saint-Philippe,RE,2020-05-06 09:36:44,-21.36,55.77,82.4,65,15,6.93
107,Chilliwack,CA,2020-05-06 09:36:45,49.17,-121.94,53.6,93,90,4.7
108,Rockland,US,2020-05-06 09:36:45,41.17,-74.05,48.99,61,92,6.22
109,Bengkulu,ID,2020-05-06 09:32:07,-3.8,102.27,84.42,78,98,8.79
110,Avera,US,2020-05-06 09:36:45,33.19,-82.53,68.0,72,40,12.75
111,Bulungu,CD,2020-05-06 09:36:45,-4.55,18.6,85.06,64,85,4.9
112,Baiao,BR,2020-05-06 09:36:45,-2.79,-49.67,73.9,98,94,1.43
113,Tambopata,PE,2020-05-06 09:36:46,-12.73,-69.18,72.34,91,99,1.48
114,Havelock,US,2020-05-06 09:33:11,34.88,-76.9,69.01,88,75,3.36
115,Zaria,NG,2020-05-06 09:36:46,11.11,7.72,95.56,10,7,10.45
116,Alta,NO,2020-05-06 09:36:46,69.97,23.27,44.6,45,84,13.87
117,Karratha,AU,2020-05-06 09:36:46,-20.74,116.85,77.04,56,3,8.01
118,Castro,BR,2020-05-06 09:36:46,-24.79,-50.01,57.92,92,100,5.06
119,Fort Saint James,CA,2020-05-06 09:36:47,54.43,-124.25,40.08,71,100,3.98
120,Faanui,PF,2020-05-06 09:36:47,-16.48,-151.75,81.46,80,95,13.06
121,Yellowknife,CA,2020-05-06 09:36:47,62.46,-114.35,33.8,59,75,12.75
122,Pisco,PE,2020-05-06 09:36:47,-13.7,-76.22,64.4,82,90,5.53
123,Akhaldaba,GE,2020-05-06 09:36:47,41.65,42.15,59.0,100,75,6.93
124,Neiafu,TO,2020-05-06 09:36:47,-18.65,-173.98,81.14,83,24,11.68
125,Lethem,GY,2020-05-06 09:36:48,3.38,-59.8,75.47,89,100,9.26
126,Petropavlovsk-Kamchatskiy,RU,2020-05-06 09:36:48,53.05,158.65,39.2,51,40,13.42
127,Genhe,CN,2020-05-06 09:36:48,50.78,121.52,58.73,34,100,4.14
128,Kruisfontein,ZA,2020-05-06 09:36:48,-34.0,24.73,68.92,66,72,6.55
129,Sitka,US,2020-05-06 09:36:48,57.05,-135.33,48.2,66,1,7.34
130,Salalah,OM,2020-05-06 09:36:48,17.02,54.09,89.6,62,20,14.99
131,Marmarion,GR,2020-05-06 09:36:48,38.05,24.32,77.0,23,100,3.36
132,Formosa Do Rio Preto,BR,2020-05-06 09:36:49,-11.05,-45.19,70.5,89,98,3.04
133,Rio Grande,BR,2020-05-06 09:36:49,-32.03,-52.1,52.0,84,39,10.0
134,Cidreira,BR,2020-05-06 09:36:49,-30.18,-50.21,57.04,75,27,17.0
135,Khandyga,RU,2020-05-06 09:36:49,62.67,135.6,35.04,94,95,4.14
136,Katsuura,JP,2020-05-06 09:36:49,35.13,140.3,63.0,93,75,12.75
137,Kokuy,RU,2020-05-06 09:36:49,52.2,117.55,64.53,28,100,8.75
138,Poretskoye,RU,2020-05-06 09:36:50,55.2,46.33,61.12,61,81,12.39
139,Ambilobe,MG,2020-05-06 09:36:50,-13.2,49.05,92.53,43,1,4.92
140,Narok,KE,2020-05-06 09:36:50,-1.08,35.86,71.92,67,89,10.63
141,Luderitz,NA,2020-05-06 09:36:50,-26.65,15.16,84.38,18,32,4.25
142,Changying,CN,2020-05-06 09:36:50,52.87,123.32,62.51,29,91,3.11
143,Omurtag,BG,2020-05-06 09:36:50,43.1,26.42,53.6,81,90,25.28
144,Tilichiki,RU,2020-05-06 09:36:51,60.47,166.1,30.25,98,100,35.1
145,Dongsheng,CN,2020-05-06 09:36:51,39.82,109.98,63.36,54,97,29.73
146,Roma,US,2020-05-06 09:33:03,43.21,-75.46,30.2,86,1,3.87
147,Nanortalik,GL,2020-05-06 09:36:51,60.14,-45.24,40.14,80,100,8.55
148,Zorritos,PE,2020-05-06 09:36:51,-3.68,-80.68,76.23,77,96,0.63
149,Vostok,RU,2020-05-06 09:36:51,46.49,135.88,44.28,59,16,4.99
150,Carnarvon,AU,2020-05-06 09:36:51,-24.87,113.63,69.03,63,0,19.73
151,Mar Del Plata,AR,2020-05-06 09:36:51,-38.0,-57.56,55.0,62,90,11.41
152,Bechem,GH,2020-05-06 09:36:52,7.09,-2.02,84.51,69,89,4.63
153,Kasongo-Lunda,CD,2020-05-06 09:36:52,-6.47,16.82,85.98,58,85,4.7
154,Raja Jang,PK,2020-05-06 09:36:52,31.22,74.25,87.8,38,75,5.82
155,Mahanoro,MG,2020-05-06 09:36:52,-19.9,48.8,77.72,83,36,7.74
156,Shache,CN,2020-05-06 09:36:52,38.42,77.24,61.66,59,100,5.48
157,Severo-Kurilsk,RU,2020-05-06 09:36:52,50.68,156.12,33.67,90,98,21.36
158,Usogorsk,RU,2020-05-06 09:36:53,63.41,48.69,47.61,93,100,9.73
159,Kenmare,IE,2020-05-06 09:36:53,51.88,-9.58,51.8,87,75,13.87
160,Bundaberg,AU,2020-05-06 09:36:53,-24.85,152.35,70.0,60,4,8.05
161,Iqaluit,CA,2020-05-06 09:36:53,63.75,-68.51,3.2,77,20,4.7
162,Tongren,CN,2020-05-06 09:36:53,27.72,109.19,69.84,88,98,3.96
163,Codrington,AU,2020-05-06 09:36:53,-38.27,141.97,58.15,48,100,13.31
164,Bilibino,RU,2020-05-06 09:36:53,68.05,166.44,22.23,91,100,2.57
165,Ribeira Grande,PT,2020-05-06 09:36:54,38.52,-28.7,62.6,88,75,8.05
166,Vanavara,RU,2020-05-06 09:36:54,60.34,102.28,38.5,90,100,7.27
167,Kolaras,IN,2020-05-06 09:36:54,25.23,77.6,102.78,10,85,10.96
168,Port Alfred,ZA,2020-05-06 09:36:54,-33.59,26.89,70.5,68,92,12.39
169,Lata,PT,2020-05-06 09:36:54,40.16,-8.33,70.0,66,99,3.0
170,Lagoa,PT,2020-05-06 09:36:55,39.05,-27.98,61.03,88,89,9.98
171,Pevek,RU,2020-05-06 09:36:55,69.7,170.31,25.93,87,100,10.51
172,Mendoza,AR,2020-05-06 09:36:55,-32.89,-68.83,39.2,86,0,2.28
173,Sept-Iles,CA,2020-05-06 09:36:55,50.2,-66.38,48.2,61,75,5.82
174,Bodden Town,KY,2020-05-06 09:36:55,19.28,-81.25,82.0,77,100,3.0
175,Bathsheba,BB,2020-05-06 09:36:56,13.22,-59.52,80.6,74,75,20.8
176,Samos,GR,2020-05-06 09:36:56,37.76,26.98,68.0,72,75,9.17
177,Sola,VU,2020-05-06 09:36:56,-13.88,167.55,82.36,67,16,0.67
178,Namsos,NO,2020-05-06 09:36:56,64.47,11.5,43.0,80,75,18.34
179,Sambava,MG,2020-05-06 09:36:56,-14.27,50.17,82.99,67,5,11.65
180,Santa Fe,AR,2020-05-06 09:32:37,-31.63,-60.7,48.99,86,0,3.0
181,Marigot,MF,2020-05-06 09:36:57,18.07,-63.08,80.6,78,40,11.41
182,Pudozh,RU,2020-05-06 09:36:57,61.81,36.53,46.35,89,100,5.48
183,Mareeba,AU,2020-05-06 09:36:57,-17.0,145.43,73.4,78,90,16.11
184,Plettenberg Bay,ZA,2020-05-06 09:36:57,-34.05,23.37,68.49,67,31,5.39
185,Sao Gabriel Da Cachoeira,BR,2020-05-06 09:36:58,-0.13,-67.09,73.63,98,100,0.4
186,Alenquer,BR,2020-05-06 09:36:58,-1.94,-54.74,77.0,100,90,9.17
187,Tual,ID,2020-05-06 09:34:39,-5.67,132.75,83.95,79,8,18.32
188,Medicine Hat,CA,2020-05-06 09:36:58,50.05,-110.67,50.0,46,1,17.22
189,Igarka,RU,2020-05-06 09:36:58,67.47,86.58,30.29,99,97,8.48
190,Aasiaat,GL,2020-05-06 09:36:58,68.71,-52.87,22.17,90,0,3.62
191,Narsaq,GL,2020-05-06 09:36:58,60.92,-46.05,41.0,80,75,6.62
192,Geraldton,AU,2020-05-06 09:36:59,-28.77,114.6,66.2,45,90,17.22
193,Los Llanos De Aridane,ES,2020-05-06 09:36:59,28.66,-17.92,69.8,64,20,6.93
194,Sakakah,SA,2020-05-06 09:32:35,29.97,40.21,73.4,28,0,21.92
195,Santa Cruz Cabralia,BR,2020-05-06 09:36:59,-16.28,-39.02,69.8,88,20,3.36
196,Saint Anthony,US,2020-05-06 09:33:05,45.02,-93.22,50.0,70,75,6.93
197,Bonavista,CA,2020-05-06 09:37:00,48.65,-53.11,34.0,84,100,4.0
198,Leningradskiy,RU,2020-05-06 09:37:00,69.38,178.42,17.17,91,28,7.34
199,Kalawit,PH,2020-05-06 09:37:00,8.07,122.52,83.86,73,51,3.62
200,Leeds,GB,2020-05-06 09:34:52,53.8,-1.55,53.01,66,20,8.05
201,Arman,RU,2020-05-06 09:37:00,59.7,150.17,33.94,84,86,11.32
202,Kanker,IN,2020-05-06 09:37:00,20.27,81.49,91.56,31,82,6.73
203,Dhidhdhoo,MV,2020-05-06 09:37:00,6.88,73.1,85.87,76,97,10.16
204,Dikson,RU,2020-05-06 09:37:01,73.51,80.55,10.71,93,1,12.48
205,Todos Santos,MX,2020-05-06 09:37:01,23.45,-110.22,75.0,44,0,1.99
206,Sechura,PE,2020-05-06 09:37:01,-5.56,-80.82,72.9,70,69,5.08
207,Scottsbluff,US,2020-05-06 09:37:01,41.87,-103.67,35.6,93,1,3.36
208,Ponta Do Sol,PT,2020-05-06 09:37:01,32.67,-17.1,66.2,77,75,5.82
209,Atar,MR,2020-05-06 09:37:02,20.52,-13.05,89.6,17,0,10.29
210,Hasaki,JP,2020-05-06 09:37:02,35.73,140.83,59.0,100,75,5.82
211,Luanda,AO,2020-05-06 09:37:02,-8.84,13.23,82.4,74,75,4.7
212,Mogadouro,PT,2020-05-06 09:37:02,41.34,-6.71,63.25,52,94,1.68
213,Nelson Bay,AU,2020-05-06 09:37:02,-32.72,152.15,60.8,87,0,6.93
214,Ostrovnoy,RU,2020-05-06 09:37:03,68.05,39.51,37.94,89,1,21.39
215,Kaitangata,NZ,2020-05-06 09:37:03,-46.28,169.85,51.01,75,96,3.0
216,Sao Joao Da Barra,BR,2020-05-06 09:37:03,-21.64,-41.05,69.8,88,7,9.17
217,Vestmannaeyjar,IS,2020-05-06 09:37:03,63.44,-20.27,42.8,81,90,8.05
218,Muscat,OM,2020-05-06 09:37:03,23.61,58.59,95.0,50,20,14.99
219,Hirara,JP,2020-05-06 09:37:04,24.8,125.28,77.0,78,75,13.87
220,Calvinia,ZA,2020-05-06 09:37:04,-31.47,19.78,71.6,22,1,10.29
221,Teknaf,BD,2020-05-06 09:37:04,20.86,92.31,87.01,69,0,11.12
222,Angoram,PG,2020-05-06 09:37:04,-4.06,144.07,76.78,95,97,2.15
223,Acapulco,MX,2020-05-06 09:32:38,16.86,-99.89,77.0,88,40,5.82
224,Clyde River,CA,2020-05-06 09:37:04,70.47,-68.59,1.4,84,1,3.36
225,Sinnamary,GF,2020-05-06 09:37:04,5.38,-52.95,78.75,87,100,10.98
226,Freetown,SL,2020-05-06 09:37:05,8.48,-13.23,82.56,81,96,5.64
227,Yulara,AU,2020-05-06 09:37:05,-25.24,130.99,75.2,8,23,5.82
228,Sao Joao Do Paraiso,BR,2020-05-06 09:37:05,-15.31,-42.01,63.46,93,88,3.29
229,Bethanien,NA,2020-05-06 09:37:05,-26.5,17.16,80.82,15,0,11.43
230,Poum,NC,2020-05-06 09:37:05,-20.23,164.02,71.31,76,100,9.1
231,Kapit,MY,2020-05-06 09:37:05,2.02,112.93,83.84,80,89,3.49
232,Jalu,LY,2020-05-06 09:37:06,29.03,21.55,83.12,15,0,1.57
233,Prince Rupert,CA,2020-05-06 09:37:06,54.32,-130.32,48.2,78,40,5.82
234,Erdenet,MN,2020-05-06 09:37:06,49.03,104.08,47.53,52,88,10.0
235,Havre-Saint-Pierre,CA,2020-05-06 09:37:06,50.23,-63.6,35.6,59,90,17.22
236,Matara,LK,2020-05-06 09:37:06,5.95,80.54,81.52,87,100,10.31
237,Abu Dhabi,AE,2020-05-06 09:37:06,24.47,54.37,104.0,15,25,8.05
238,Naze,JP,2020-05-06 09:37:07,28.37,129.48,75.2,88,40,13.87
239,Cap Malheureux,MU,2020-05-06 09:37:07,-19.98,57.61,82.0,70,7,7.0
240,College,US,2020-05-06 09:37:07,64.86,-147.8,46.0,69,20,4.7
241,Sorong,ID,2020-05-06 09:37:07,-0.88,131.25,83.8,76,10,5.55
242,Tiznit,MA,2020-05-06 09:37:07,29.58,-9.5,76.89,31,50,3.98
243,Nizwa,OM,2020-05-06 09:37:07,22.93,57.53,102.87,13,0,12.62
244,Malakal,SS,2020-05-06 09:37:08,9.53,31.66,99.0,32,69,5.77
245,Florianopolis,BR,2020-05-06 09:33:17,-27.61,-48.5,66.2,82,100,6.93
246,Kazachinskoye,RU,2020-05-06 09:37:08,57.7,93.28,53.46,43,29,10.83
247,Sao Filipe,CV,2020-05-06 09:37:08,14.9,-24.5,76.51,67,27,8.32
248,Gidam,IN,2020-05-06 09:37:08,18.98,81.4,95.74,34,13,10.83
249,Itoman,JP,2020-05-06 09:37:08,26.12,127.67,75.2,88,75,9.17
250,Aguimes,ES,2020-05-06 09:37:08,27.91,-15.45,71.6,60,20,19.46
251,Viedma,AR,2020-05-06 09:37:09,-40.81,-63.0,45.07,71,0,7.25
252,Gazanjyk,TM,2020-05-06 09:37:09,39.24,55.52,91.99,20,30,27.58
253,Kenai,US,2020-05-06 09:33:05,60.55,-151.26,39.2,55,1,3.36
254,Vao,NC,2020-05-06 09:37:09,-22.67,167.48,72.27,72,100,26.98
255,Merritt Island,US,2020-05-06 09:36:44,28.54,-80.67,72.0,83,1,5.82
256,Kita,ML,2020-05-06 09:37:09,13.03,-9.49,98.24,27,72,8.16
257,Oranjestad,AW,2020-05-06 09:35:31,12.52,-70.03,80.6,83,40,19.46
258,Karachi,PK,2020-05-06 09:33:43,24.91,67.08,98.6,42,0,11.41
259,Palmas,BR,2020-05-06 09:37:10,-10.21,-48.36,75.2,94,40,4.7
260,Komsomolskiy,UZ,2020-05-06 09:37:10,40.43,71.72,78.8,27,99,4.7
261,Talnakh,RU,2020-05-06 09:37:10,69.49,88.4,30.2,80,75,13.42
262,Qandala,SO,2020-05-06 09:37:10,11.47,49.87,91.36,50,3,8.79
263,Ilulissat,GL,2020-05-06 09:37:10,69.22,-51.1,24.8,58,79,4.7
264,Broome,US,2020-05-06 09:37:11,42.25,-75.83,35.01,55,1,8.05
265,San Quintin,MX,2020-05-06 09:37:11,30.48,-115.95,64.8,79,0,8.37
266,Xining,CN,2020-05-06 09:37:11,36.62,101.77,61.59,43,94,26.17
267,Logan,US,2020-05-06 09:35:39,41.74,-111.83,50.0,49,1,4.7
268,Alappuzha,IN,2020-05-06 09:37:11,9.49,76.33,87.48,73,49,10.27
269,Uyuni,BO,2020-05-06 09:37:11,-20.46,-66.83,39.2,61,47,7.18
270,Hailey,US,2020-05-06 09:37:12,43.52,-114.32,46.4,49,1,4.7
271,Suntar,RU,2020-05-06 09:37:12,62.14,117.63,50.56,69,100,6.55
272,Kushima,JP,2020-05-06 09:37:12,31.46,131.23,71.6,83,75,9.17
273,Yar-Sale,RU,2020-05-06 09:37:12,66.83,70.83,34.07,96,28,11.63
274,Avanigadda,IN,2020-05-06 09:37:12,16.02,80.92,98.31,39,0,10.89
275,Yaransk,RU,2020-05-06 09:37:13,57.3,47.89,71.37,42,0,17.74
276,Esso,RU,2020-05-06 09:37:13,55.93,158.7,29.19,94,100,4.38
277,Erzin,TR,2020-05-06 09:37:13,36.96,36.2,71.01,62,0,11.01
278,Dingle,PH,2020-05-06 09:37:13,11.0,122.67,85.73,72,92,4.74
279,Longyearbyen,SJ,2020-05-06 09:34:25,78.22,15.64,33.8,69,75,18.34
280,Gigmoto,PH,2020-05-06 09:37:13,13.78,124.39,83.25,82,41,5.97
281,Hofn,IS,2020-05-06 09:37:13,64.25,-15.21,50.0,70,100,6.93
282,Toktogul,KG,2020-05-06 09:37:14,41.87,72.94,62.11,51,99,0.6
283,Olafsvik,IS,2020-05-06 09:37:14,64.89,-23.71,42.08,86,100,8.88
284,Saucillo,MX,2020-05-06 09:37:14,28.02,-105.28,67.28,59,0,5.39
285,Beloha,MG,2020-05-06 09:37:14,-25.17,45.05,82.74,42,77,7.07
286,Oistins,BB,2020-05-06 09:37:14,13.07,-59.53,80.6,74,75,20.8
287,Biloela,AU,2020-05-06 09:37:14,-24.42,150.5,62.19,62,1,8.68
288,Chokurdakh,RU,2020-05-06 09:37:14,70.63,147.92,17.85,96,95,4.25
289,Tessalit,ML,2020-05-06 09:37:15,20.2,1.01,102.47,8,0,13.62
290,Sangolqui,EC,2020-05-06 09:37:15,-0.33,-78.45,51.8,93,40,2.24
291,Brae,GB,2020-05-06 09:37:15,60.4,-1.35,48.2,70,75,13.87
292,Sembakung,ID,2020-05-06 09:37:15,3.82,117.25,83.21,77,17,4.32
293,Kozhevnikovo,RU,2020-05-06 09:37:15,56.26,83.97,46.99,74,100,13.82
294,Katakwi,UG,2020-05-06 09:37:15,1.89,33.97,81.27,60,8,4.25
295,Nago,JP,2020-05-06 09:37:15,26.59,127.98,73.4,94,90,4.7
296,Raga,SS,2020-05-06 09:37:16,8.46,25.68,96.85,37,55,4.99
297,Tanete,ID,2020-05-06 09:37:16,-3.94,119.78,81.46,83,33,1.72
298,Ukiah,US,2020-05-06 09:37:16,39.15,-123.21,50.0,81,1,5.14
299,Isabela,PH,2020-05-06 09:37:16,6.71,121.97,86.0,74,20,6.93
300,Aklavik,CA,2020-05-06 09:37:16,68.22,-135.01,21.2,92,90,11.41
301,Newport,GB,2020-05-06 09:37:16,51.59,-3.0,53.01,71,1,12.75
302,Muisne,EC,2020-05-06 09:37:16,0.6,-80.03,77.41,83,100,5.5
303,Kinablangan,PH,2020-05-06 09:37:16,7.69,126.55,82.27,74,53,2.13
304,Pemangkat,ID,2020-05-06 09:37:17,1.17,108.97,82.74,84,80,10.04
305,Mogadishu,SO,2020-05-06 09:32:46,2.04,45.34,86.0,66,40,11.41
306,Caravelas,BR,2020-05-06 09:37:17,-17.71,-39.25,71.28,83,3,3.85
307,Antibes,FR,2020-05-06 09:37:17,43.56,7.13,69.01,77,40,6.93
308,Chimore,BO,2020-05-06 09:37:17,-16.98,-65.13,71.38,97,100,3.91
309,Samarkand,UZ,2020-05-06 09:36:59,39.65,66.96,75.2,50,40,11.41
310,Logansport,US,2020-05-06 09:37:18,40.75,-86.36,41.0,93,90,5.82
311,Tuatapere,NZ,2020-05-06 09:37:18,-46.13,167.68,48.2,82,99,6.29
312,Freeport,US,2020-05-06 09:35:19,40.66,-73.58,48.99,61,90,8.05
313,Mirabad,AF,2020-05-06 09:37:18,30.44,61.84,97.54,9,0,4.45
314,Mbandaka,CD,2020-05-06 09:37:18,0.05,18.26,82.71,75,71,3.44
315,San Juan,AR,2020-05-06 09:36:13,-31.54,-68.54,46.2,56,7,0.4
316,Cruzilia,BR,2020-05-06 09:37:18,-21.84,-44.81,59.56,93,97,0.54
317,Bayan,CN,2020-05-06 09:37:19,46.08,127.4,66.0,24,33,7.52
318,Kjollefjord,NO,2020-05-06 09:37:19,70.95,27.35,41.0,65,75,11.41
319,Mansa,IN,2020-05-06 09:37:19,29.98,75.38,95.11,21,46,6.85
320,Mangrol,IN,2020-05-06 09:37:19,21.12,70.12,92.14,45,0,18.95
321,Kuytun,RU,2020-05-06 09:37:19,54.34,101.5,43.16,64,100,18.41
322,Hervey Bay,AU,2020-05-06 09:37:20,-25.3,152.85,66.99,83,0,4.0
323,Skibbereen,IE,2020-05-06 09:37:20,51.55,-9.27,50.0,87,75,18.34
324,Opuwo,NA,2020-05-06 09:37:20,-18.06,13.84,82.72,26,0,19.91
325,Mount Gambier,AU,2020-05-06 09:37:20,-37.83,140.77,59.0,51,77,12.75
326,Carutapera,BR,2020-05-06 09:37:20,-1.2,-46.02,77.25,93,73,6.91
327,Guane,CU,2020-05-06 09:37:20,22.2,-84.09,73.92,85,100,2.37
328,Concordia,AR,2020-05-06 09:37:20,-31.39,-58.02,46.0,91,0,4.0
329,Port Hardy,CA,2020-05-06 09:37:21,50.7,-127.42,48.2,76,90,6.93
330,Ahipara,NZ,2020-05-06 09:37:21,-35.17,173.17,55.22,78,0,7.81
331,Fortuna,US,2020-05-06 09:37:21,40.6,-124.16,51.01,100,90,3.62
332,Khasan,RU,2020-05-06 09:37:21,42.43,130.64,52.29,65,31,4.85
333,Saint-Pierre,RE,2020-05-06 09:35:29,-21.34,55.48,82.4,65,44,6.93
334,Russell,US,2020-05-06 09:37:22,32.35,-85.2,66.2,72,40,5.82
335,Aranos,NA,2020-05-06 09:37:22,-24.13,19.12,78.48,18,0,10.49
336,Upernavik,GL,2020-05-06 09:37:22,72.79,-56.15,19.13,90,0,8.16
337,Rocha,UY,2020-05-06 09:37:22,-34.48,-54.33,53.62,73,92,13.6
338,Nueve De Julio,AR,2020-05-06 09:37:22,-35.44,-60.88,46.0,95,1,5.99
339,Osoyoos,CA,2020-05-06 09:37:22,49.03,-119.45,50.0,66,75,4.7
340,Susanville,US,2020-05-06 09:36:08,40.42,-120.65,51.8,40,75,5.82
341,Menongue,AO,2020-05-06 09:37:22,-14.66,17.69,77.86,38,0,12.59
342,Port Macquarie,AU,2020-05-06 09:37:23,-31.43,152.92,57.0,93,0,4.5
343,Linares,CL,2020-05-06 09:37:23,-35.85,-71.6,43.83,67,0,4.07
344,Lensk,RU,2020-05-06 09:37:23,60.73,114.93,53.78,42,100,5.59
345,Takoradi,GH,2020-05-06 09:37:23,4.88,-1.76,86.47,71,21,9.37
346,Voh,NC,2020-05-06 09:37:23,-20.97,164.7,65.8,88,100,6.11
347,Kavaratti,IN,2020-05-06 09:37:23,10.57,72.64,93.2,59,40,4.7
348,Muswellbrook,AU,2020-05-06 09:37:23,-32.27,150.9,57.0,67,0,4.07
349,Druskininkai,LT,2020-05-06 09:37:24,54.02,23.97,48.2,100,90,15.66
350,Wanaka,NZ,2020-05-06 09:37:24,-44.7,169.15,43.92,74,53,5.35
351,Danjiangkou,CN,2020-05-06 09:37:24,32.54,111.51,76.21,60,68,11.01
352,Dzilam Gonzalez,MX,2020-05-06 09:37:24,21.28,-88.93,80.01,81,35,4.18
353,Batagay,RU,2020-05-06 09:37:24,67.63,134.63,32.85,94,94,2.17
354,Kota Tinggi,MY,2020-05-06 09:37:24,1.74,103.9,91.0,89,20,3.36
355,Cabo Rojo,PR,2020-05-06 09:37:24,18.09,-67.15,80.01,88,49,1.01
356,Port Moresby,PG,2020-05-06 09:34:27,-9.44,147.18,77.27,84,91,13.42
357,Tautira,PF,2020-05-06 09:37:25,-17.73,-149.15,77.0,88,75,5.82
358,Filadelfia,US,2020-05-06 09:33:01,39.95,-75.16,53.6,76,90,5.82
359,Mandera,KE,2020-05-06 09:37:25,3.94,41.87,92.12,46,43,13.67
360,Moose Factory,CA,2020-05-06 09:37:25,51.26,-80.61,28.4,86,90,11.41
361,Chapada Dos Guimaraes,BR,2020-05-06 09:37:25,-15.46,-55.75,77.0,78,75,2.24
362,Hamilton,US,2020-05-06 09:37:25,39.18,-84.53,42.01,75,90,8.05
363,Rabo De Peixe,PT,2020-05-06 09:37:26,37.8,-25.58,62.6,88,75,11.41
364,Jardim,BR,2020-05-06 09:37:26,-21.48,-56.14,67.68,96,100,4.7
365,Pastos Bons,BR,2020-05-06 09:37:26,-6.6,-44.08,73.09,87,90,5.84
366,Garowe,SO,2020-05-06 09:37:26,8.41,48.48,89.51,45,50,3.65
367,Kungurtug,RU,2020-05-06 09:37:26,50.6,97.52,44.62,53,100,9.28
368,Cuamba,MZ,2020-05-06 09:37:26,-14.8,36.54,84.63,40,18,4.52
369,Nyurba,RU,2020-05-06 09:37:27,63.28,118.33,47.19,85,100,2.01
370,Rio Cauto,CU,2020-05-06 09:37:27,20.56,-76.92,75.2,94,75,5.82
371,Taoudenni,ML,2020-05-06 09:37:27,22.68,-3.98,104.29,7,0,7.74
372,Finnsnes,NO,2020-05-06 09:37:27,69.23,17.98,35.6,80,75,17.22
373,Qaqortoq,GL,2020-05-06 09:37:27,60.72,-46.03,41.0,80,75,6.02
374,Zaozerne,UA,2020-05-06 09:37:27,45.16,33.28,60.46,74,37,12.26
375,Bertoua,CM,2020-05-06 09:37:28,4.58,13.68,85.73,60,92,2.15
376,Novyy Urengoy,RU,2020-05-06 09:37:28,66.08,76.63,34.34,99,100,11.1
377,Inirida,CO,2020-05-06 09:37:28,3.87,-67.92,74.05,98,100,1.7
378,Comodoro Rivadavia,AR,2020-05-06 09:34:18,-45.87,-67.5,46.4,70,64,9.17
379,Taguatinga,BR,2020-05-06 09:37:28,-12.39,-46.57,72.64,80,95,3.4
380,Port Hedland,AU,2020-05-06 09:37:28,-20.32,118.57,84.2,45,5,12.75
381,Paris,FR,2020-05-06 09:35:18,48.85,2.35,63.0,48,3,6.93
382,Pericos,MX,2020-05-06 09:37:28,25.05,-107.7,70.0,76,19,0.69
383,Marzuq,YE,2020-05-06 09:37:29,14.4,46.47,87.48,24,96,8.84
384,Palana,RU,2020-05-06 09:37:29,59.12,159.97,32.25,96,91,1.95
385,Tiksi,RU,2020-05-06 09:37:29,71.69,128.87,26.47,98,100,8.59
386,Rio De Jesus,PA,2020-05-06 09:37:29,7.98,-81.16,77.52,86,100,1.57
387,Srednekolymsk,RU,2020-05-06 09:37:29,67.45,153.68,28.85,96,100,4.43
388,Inuvik,CA,2020-05-06 09:37:29,68.35,-133.72,21.2,92,90,11.41
389,Hovd,MN,2020-05-06 09:37:30,48.01,91.64,46.26,46,99,13.71
390,Tallahassee,US,2020-05-06 09:35:03,30.44,-84.28,69.8,88,1,4.7
391,Portsoy,GB,2020-05-06 09:37:30,57.68,-2.69,57.0,58,0,6.93
392,Puerto Escondido,MX,2020-05-06 09:37:30,15.85,-97.07,79.32,69,91,5.35
393,Urumqi,CN,2020-05-06 09:34:21,43.8,87.6,55.4,37,20,6.71
394,Brigantine,US,2020-05-06 09:37:30,39.41,-74.36,51.8,76,90,6.93
395,Enumclaw,US,2020-05-06 09:37:30,47.2,-121.99,51.01,87,100,4.23
396,Bukama,CD,2020-05-06 09:37:31,-9.2,25.85,88.16,46,73,3.06
397,Evanston,US,2020-05-06 09:34:39,42.04,-87.69,41.0,55,75,6.93
398,San Ramon,US,2020-05-06 09:34:15,37.78,-121.98,55.4,40,1,3.36
399,Tandalti,SD,2020-05-06 09:37:31,13.02,31.87,106.95,7,0,13.0
400,Venezuela,VE,2020-05-06 09:34:26,8.0,-66.0,81.79,66,81,16.49
401,Qom,IR,2020-05-06 09:37:31,34.64,50.88,88.11,19,87,3.2
402,Dali,CN,2020-05-06 09:37:31,25.7,100.18,76.46,36,18,9.75
403,Teya,RU,2020-05-06 09:37:32,60.38,92.63,47.28,55,27,8.41
404,Orange Cove,US,2020-05-06 09:37:32,36.62,-119.31,57.99,66,1,2.89
405,Mandurah,AU,2020-05-06 09:37:32,-32.55,115.7,57.99,65,88,3.0
406,Walvis Bay,NA,2020-05-06 09:37:32,-22.96,14.51,69.8,16,0,17.49
407,Snezhnogorsk,RU,2020-05-06 09:37:32,69.19,33.25,44.6,52,40,8.95
408,Constitucion,CL,2020-05-06 09:37:32,-35.33,-72.42,51.69,59,5,7.36
409,Richards Bay,ZA,2020-05-06 09:37:32,-28.78,32.04,74.5,56,0,13.27
410,Jackson,US,2020-05-06 09:33:08,42.42,-122.83,53.6,54,90,5.82
411,Ajdabiya,LY,2020-05-06 09:37:33,30.76,20.23,79.07,17,0,5.73
412,Smithers,CA,2020-05-06 09:34:00,54.78,-127.17,41.0,75,90,0.29
413,Airai,TL,2020-05-06 09:37:33,-8.93,125.41,62.82,100,98,3.0
414,Coquimbo,CL,2020-05-06 09:37:33,-29.95,-71.34,51.8,93,90,2.24
415,Shelburne,CA,2020-05-06 09:37:33,44.08,-80.2,33.01,80,1,6.53
416,Port Hawkesbury,CA,2020-05-06 09:37:33,45.62,-61.35,34.0,96,90,19.46
417,Karatau,KZ,2020-05-06 09:37:33,43.17,70.47,70.38,34,100,12.82
418,Kahului,US,2020-05-06 09:33:50,20.89,-156.47,71.6,68,1,12.75
419,Berdigestyakh,RU,2020-05-06 09:37:34,62.1,126.7,48.47,73,100,5.57
420,Ixtapa,MX,2020-05-06 09:33:40,20.7,-105.2,73.0,85,0,1.77
421,Baft,IR,2020-05-06 09:37:34,29.23,56.61,75.2,19,100,13.24
422,Praxedis Guerrero,MX,2020-05-06 09:37:34,31.37,-106.02,68.0,30,1,3.36
423,Ishigaki,JP,2020-05-06 09:37:34,24.34,124.16,77.0,88,75,6.93
424,Nouakchott,MR,2020-05-06 09:36:34,18.09,-15.98,77.0,57,0,12.75
425,Quemado De Guines,CU,2020-05-06 09:37:34,22.79,-80.25,75.2,88,75,5.82
426,Bagn,NO,2020-05-06 09:37:35,60.82,9.55,43.0,54,1,5.01
427,Parichha,IN,2020-05-06 09:37:35,25.52,78.75,105.19,9,74,4.79
428,Batemans Bay,AU,2020-05-06 09:37:35,-35.72,150.18,54.0,94,100,4.81
429,Mosquera,CO,2020-05-06 09:36:28,4.71,-74.23,53.6,87,75,2.24
430,Nantucket,US,2020-05-06 09:37:35,41.28,-70.1,39.2,86,1,5.82
431,Lima,PE,2020-05-06 09:37:10,-12.04,-77.03,64.4,88,75,3.2
432,Svetlogorsk,BY,2020-05-06 09:37:35,52.63,29.73,61.36,56,100,5.86
433,Nuuk,GL,2020-05-06 09:37:35,64.18,-51.72,30.2,86,75,8.05
434,Oranjemund,NA,2020-05-06 09:37:36,-28.55,16.43,80.33,19,0,6.08
435,Kurchum,KZ,2020-05-06 09:37:36,48.57,83.65,57.47,36,0,17.07
436,Darasun,RU,2020-05-06 09:37:36,51.67,114.0,68.0,20,40,15.66
437,Manokwari,ID,2020-05-06 09:37:36,-0.87,134.08,82.74,81,26,10.11
438,Nongan,CN,2020-05-06 09:37:36,44.38,125.17,68.0,14,0,2.24
439,Nadym,RU,2020-05-06 09:37:36,65.53,72.52,36.75,97,87,11.83
440,Bonthe,SL,2020-05-06 09:37:36,7.53,-12.51,86.23,71,63,5.39
441,Wenling,CN,2020-05-06 09:37:36,28.37,121.36,73.0,87,100,7.29
442,Adrar,MR,2020-05-06 09:37:37,20.5,-10.07,94.57,10,0,12.8
443,Kysyl-Syr,RU,2020-05-06 09:37:37,63.9,122.76,47.32,86,100,6.24
444,Bajil,YE,2020-05-06 09:37:37,15.06,43.29,97.38,41,99,10.51
445,Zhigansk,RU,2020-05-06 09:37:37,66.77,123.37,29.62,96,100,18.48
446,Amahai,ID,2020-05-06 09:37:37,-3.33,128.92,81.86,82,80,6.17
447,Havoysund,NO,2020-05-06 09:37:37,71.0,24.66,41.0,65,75,8.05
448,Abha,SA,2020-05-06 09:37:38,18.22,42.51,80.6,41,40,10.29
449,Ancud,CL,2020-05-06 09:37:38,-41.87,-73.82,46.99,100,20,1.12
450,Hun,LY,2020-05-06 09:34:49,29.13,15.95,88.2,13,0,1.41
451,Luwuk,ID,2020-05-06 09:37:38,-0.95,122.79,82.47,76,5,2.48
452,Wanning,CN,2020-05-06 09:37:38,18.8,110.4,84.43,78,3,12.21
453,Korla,CN,2020-05-06 09:37:38,41.76,86.15,73.69,31,49,17.4
454,Hambantota,LK,2020-05-06 09:37:38,6.12,81.12,84.11,78,85,19.37
455,Ilebo,CD,2020-05-06 09:37:39,-4.32,20.58,88.88,53,64,4.68
456,Santiago,CL,2020-05-06 09:35:31,-33.46,-70.65,46.4,65,0,1.43
457,Kudahuvadhoo,MV,2020-05-06 09:37:39,2.67,72.89,83.71,77,40,13.73
458,Ilo,PE,2020-05-06 09:37:39,-17.64,-71.34,65.05,81,99,6.38
459,Allapalli,IN,2020-05-06 09:37:39,19.42,80.07,99.66,29,33,7.99
460,Provideniya,RU,2020-05-06 09:37:39,64.38,-173.3,29.62,93,0,0.85
461,Gobabis,NA,2020-05-06 09:37:40,-22.45,18.97,75.78,19,0,14.29
462,Talagang,PK,2020-05-06 09:37:40,32.93,72.42,89.89,20,0,6.42
463,Goianesia,BR,2020-05-06 09:37:40,-15.32,-49.12,66.18,87,100,1.52
464,High Level,CA,2020-05-06 09:37:40,58.52,-117.14,44.6,87,75,6.42
465,Kavieng,PG,2020-05-06 09:37:40,-2.57,150.8,82.98,76,30,4.97
466,Beringovskiy,RU,2020-05-06 09:37:40,63.05,179.32,25.88,95,59,5.99
467,Dangriga,BZ,2020-05-06 09:37:40,16.97,-88.23,82.0,84,100,5.99
468,Piscolt,RO,2020-05-06 09:37:41,47.58,22.3,54.0,58,75,11.41
469,Haines Junction,CA,2020-05-06 09:37:41,60.75,-137.51,36.46,76,44,1.28
470,Morinville,CA,2020-05-06 09:35:12,53.8,-113.65,45.0,75,1,4.7
471,Andros,GR,2020-05-06 09:37:41,37.83,24.93,71.6,43,97,11.41
472,Kirakira,SB,2020-05-06 09:37:41,-10.45,161.92,80.49,76,58,2.73
473,Zvishavane,ZW,2020-05-06 09:37:41,-20.33,30.07,75.45,36,0,11.95
474,Rio De Janeiro,BR,2020-05-06 09:36:36,-22.9,-43.21,73.4,88,58,2.24
475,Benguela,AO,2020-05-06 09:37:41,-12.58,13.41,87.8,66,40,5.82
476,Rawson,AR,2020-05-06 09:37:42,-43.3,-65.1,47.88,52,0,6.44
477,Vaitape,PF,2020-05-06 09:37:42,-16.52,-151.75,82.33,78,96,13.22
478,Baruun-Urt,MN,2020-05-06 09:37:42,46.68,113.28,75.61,17,100,15.08
479,Lompoc,US,2020-05-06 09:37:42,34.64,-120.46,55.99,87,1,10.29
480,Charters Towers,AU,2020-05-06 09:37:42,-20.1,146.27,67.35,63,62,14.83
481,Umm Lajj,SA,2020-05-06 09:37:42,25.02,37.27,80.53,48,40,20.31
482,San Clemente,US,2020-05-06 09:37:42,33.43,-117.61,63.0,91,41,0.29
483,Palauig,PH,2020-05-06 09:37:42,15.44,119.9,85.64,75,88,5.57
484,Antofagasta,CL,2020-05-06 09:36:29,-23.65,-70.4,59.0,82,90,3.36
485,Jacmel,HT,2020-05-06 09:37:43,18.23,-72.53,77.0,88,100,8.05
486,Salinas,US,2020-05-06 09:32:53,36.68,-121.66,57.2,71,90,8.05
487,Luau,AO,2020-05-06 09:37:43,-10.71,22.22,80.01,45,44,8.37
488,Anbu,CN,2020-05-06 09:37:43,23.45,116.68,96.8,41,20,11.18
489,Lauda-Konigshofen,DE,2020-05-06 09:37:43,49.57,9.7,55.99,46,40,13.87
490,Asfi,MA,2020-05-06 09:37:43,32.3,-9.24,70.12,61,100,15.5
491,Palmer,US,2020-05-06 09:37:43,42.16,-72.33,33.01,92,1,2.59
492,Krasnyy Yar,RU,2020-05-06 09:37:44,46.53,48.35,75.2,38,76,31.32
493,Thinadhoo,MV,2020-05-06 09:37:44,0.53,72.93,85.32,72,3,10.85
494,Gornopravdinsk,RU,2020-05-06 09:37:44,60.05,69.9,71.01,47,98,11.07
495,Pitimbu,BR,2020-05-06 09:37:44,-7.47,-34.81,75.2,94,40,4.7
496,Jieshou,CN,2020-05-06 09:37:44,33.26,115.36,74.23,60,5,12.64
497,Champagnole,FR,2020-05-06 09:37:44,46.74,5.91,55.99,75,41,5.01
498,Ayagoz,KZ,2020-05-06 09:37:44,47.97,80.44,55.83,37,0,17.13
499,Mandan,US,2020-05-06 09:37:45,46.83,-100.89,39.99,100,75,6.93
500,Sioux Lookout,CA,2020-05-06 09:37:45,50.1,-91.92,32.0,98,5,2.24
501,Goderich,CA,2020-05-06 09:37:45,43.75,-81.72,41.0,56,100,1.01
502,Muravlenko,RU,2020-05-06 09:37:45,63.79,74.52,37.4,99,100,12.82
503,Ximei,CN,2020-05-06 09:37:45,24.96,118.38,78.8,88,40,13.42
504,Nioro,GM,2020-05-06 09:37:45,13.35,-15.75,89.1,32,15,2.53
505,Hadejia,NG,2020-05-06 09:37:45,12.45,10.04,100.15,8,0,11.52
506,Mingyue,CN,2020-05-06 09:37:45,43.11,128.92,55.0,41,68,3.58
507,Kirensk,RU,2020-05-06 09:37:46,57.79,108.11,48.47,52,97,9.64
508,Tonacatepeque,SV,2020-05-06 09:37:46,13.78,-89.12,75.2,94,20,3.36
509,Te Anau,NZ,2020-05-06 09:37:46,-45.42,167.72,47.5,80,100,5.88
510,Saldanha,ZA,2020-05-06 09:37:46,-33.01,17.94,73.4,49,9,5.82
511,Birjand,IR,2020-05-06 09:37:46,32.87,59.22,86.0,8,18,6.93
512,Port-Gentil,GA,2020-05-06 09:37:46,-0.72,8.78,86.0,79,40,5.82
513,San Antero,CO,2020-05-06 09:37:47,9.37,-75.76,79.68,87,100,2.01
514,Rawah,IQ,2020-05-06 09:37:47,34.48,41.91,71.46,37,91,16.22
515,Chimbote,PE,2020-05-06 09:37:47,-9.09,-78.58,67.53,87,37,4.03
516,Acarau,BR,2020-05-06 09:37:47,-2.89,-40.12,77.58,88,2,11.72
517,Elk Point,US,2020-05-06 09:37:47,42.68,-96.68,45.0,99,31,5.01
518,Ipswich,GB,2020-05-06 09:37:47,52.06,1.16,57.99,66,20,6.93
519,Padang,ID,2020-05-06 09:37:47,-0.95,100.35,85.15,68,80,3.51
520,Clonakilty,IE,2020-05-06 09:37:48,51.62,-8.87,51.01,87,75,18.34
521,Svetlaya,RU,2020-05-06 09:37:48,46.54,138.33,43.12,84,63,6.22
522,Shaunavon,CA,2020-05-06 09:37:48,49.65,-108.42,42.91,66,70,7.58
523,Humberto De Campos,BR,2020-05-06 09:37:48,-2.6,-43.46,75.97,94,80,4.88
524,Ionia,US,2020-05-06 09:37:48,42.99,-85.07,37.99,55,1,5.82
525,Ushtobe,KZ,2020-05-06 09:37:48,45.25,77.98,64.18,26,0,25.08
526,Kirovskiy,RU,2020-05-06 09:37:48,45.09,133.51,52.39,51,0,4.88
527,Gillette,US,2020-05-06 09:37:48,44.29,-105.5,34.0,76,1,11.41
528,Camana,PE,2020-05-06 09:37:49,-16.62,-72.71,65.19,81,94,6.85
529,Kyren,RU,2020-05-06 09:37:49,51.68,102.14,52.02,43,89,4.92
530,Lavrentiya,RU,2020-05-06 09:37:49,65.58,-171.0,19.56,90,0,1.57
531,Ewa Beach,US,2020-05-06 09:37:49,21.32,-158.01,75.2,64,20,8.05
532,Kabanjahe,ID,2020-05-06 09:37:49,3.1,98.49,87.8,70,40,11.41
533,Tigil,RU,2020-05-06 09:37:49,57.8,158.67,32.92,95,97,8.28
534,Magistralnyy,RU,2020-05-06 09:37:50,56.17,107.45,46.2,61,100,13.8
535,Trinidad,BO,2020-05-06 09:37:50,-14.83,-64.9,72.45,98,54,3.51
536,Kafanchan,NG,2020-05-06 09:37:50,9.58,8.3,94.87,35,0,0.67
537,Awjilah,LY,2020-05-06 09:37:50,29.11,21.29,82.67,15,0,1.95
538,Yeppoon,AU,2020-05-06 09:37:50,-23.13,150.73,71.6,60,2,10.29
539,Mayya,RU,2020-05-06 09:37:50,61.73,130.28,57.2,15,96,2.24
540,Killam,CA,2020-05-06 09:37:50,52.78,-111.85,44.85,64,11,6.4
541,Roald,NO,2020-05-06 09:37:51,62.58,6.13,45.0,93,75,14.99
542,Mugan,CN,2020-05-06 09:37:51,35.94,101.38,68.41,29,95,6.24
543,Pakxan,LA,2020-05-06 09:37:51,18.38,103.66,107.01,38,67,7.61
544,Bubaque,GW,2020-05-06 09:37:51,11.28,-15.83,78.78,74,40,9.15
545,Nyaunglebin,MM,2020-05-06 09:37:51,17.95,96.73,106.16,23,0,7.02
546,Asmar,AF,2020-05-06 09:37:51,35.03,71.36,79.41,18,4,6.78
547,Azangaro,PE,2020-05-06 09:37:51,-14.92,-70.22,36.88,84,52,2.89
548,Bozhou,CN,2020-05-06 09:37:52,33.88,115.77,74.82,58,1,11.95
549,Saint-Augustin,CA,2020-05-06 09:37:52,51.23,-58.65,34.25,96,100,26.02
550,Lubango,AO,2020-05-06 09:37:52,-14.92,13.49,71.6,40,0,11.41
551,Nouadhibou,MR,2020-05-06 09:37:52,20.93,-17.03,68.0,77,60,16.11
552,Bairiki,KI,2020-05-06 09:37:52,1.33,172.98,82.4,83,20,9.17
553,Quimper,FR,2020-05-06 09:37:52,48.0,-4.1,62.6,77,75,5.82
554,Bintulu,MY,2020-05-06 09:37:52,3.17,113.03,89.6,79,75,8.05
555,Pundaguitan,PH,2020-05-06 09:37:53,6.37,126.17,84.25,74,100,9.04
556,Stykkisholmur,IS,2020-05-06 09:37:53,65.08,-22.73,42.17,83,100,5.35
557,Stephenville,US,2020-05-06 09:34:17,32.22,-98.2,57.99,58,1,7.63
558,Worland,US,2020-05-06 09:37:53,44.02,-107.96,37.4,69,1,4.7
559,Torrington,US,2020-05-06 09:37:53,41.8,-73.12,39.0,87,55,1.01
560,Mitsamiouli,KM,2020-05-06 09:37:53,-11.38,43.28,82.6,74,68,8.25
561,Okhotsk,RU,2020-05-06 09:37:53,59.38,143.3,36.54,80,3,10.83
562,Half Moon Bay,US,2020-05-06 09:37:54,37.46,-122.43,55.4,66,1,10.29
563,Gucheng,CN,2020-05-06 09:37:54,35.91,111.32,77.31,37,61,12.68
564,Arroio Dos Ratos,BR,2020-05-06 09:37:54,-30.08,-51.73,55.4,82,40,12.75
565,Ocampo,MX,2020-05-06 09:37:54,21.65,-101.5,57.9,64,98,6.67
566,Tura,IN,2020-05-06 09:37:54,25.52,90.22,85.32,54,57,4.65
567,Spearfish,US,2020-05-06 09:34:11,44.49,-103.86,39.99,80,1,6.49
568,Safford,US,2020-05-06 09:37:55,32.83,-109.71,66.2,22,1,6.93
569,Ekhabi,RU,2020-05-06 09:37:55,53.51,142.97,32.11,96,57,10.27
570,Gat,IL,2020-05-06 09:37:55,31.61,34.76,73.0,59,81,5.99
571,Asau,RO,2020-05-06 09:37:55,46.43,26.4,51.8,71,75,4.7
572,Sur,OM,2020-05-06 09:37:55,22.57,59.53,97.2,34,0,10.96
573,Wangaratta,AU,2020-05-06 09:37:55,-36.37,146.33,55.4,82,98,5.82
574,Lorengau,PG,2020-05-06 09:37:55,-2.02,147.27,80.22,85,100,5.48
575,Anju,KP,2020-05-06 09:37:55,39.62,125.66,68.25,33,7,8.12
576,Babylon,US,2020-05-06 09:37:56,40.7,-73.33,48.99,61,90,8.05
577,San Cristobal,VE,2020-05-06 09:37:56,7.77,-72.22,66.65,88,72,2.57
578,Alugan,PH,2020-05-06 09:37:56,12.22,125.48,83.41,79,68,6.24
